{"edges":[{"label":"119157","source":"UNIMI","target":"LUNDS UNIVERSITET","id":"119157","attributes":{},"color":"","size":1.0},{"label":"119154","source":"UNIMI","target":"INSTITUT NATIONAL DE LA RECHERCHE AGRONOMIQUE","id":"119154","attributes":{},"color":"","size":1.0},{"label":"119167","source":"CNR","target":"DANMARKS TEKNISKE UNIVERSITET","id":"119167","attributes":{},"color":"","size":1.0},{"label":"119150","source":"D\u0027Appolonia","target":"UNIVERSITAET STUTTGART","id":"119150","attributes":{},"color":"","size":1.0},{"label":"119265","source":"POLIMI","target":"CNR","id":"119265","attributes":{},"color":"","size":1.0},{"label":"119238","source":"CENTRO RICERCHE FIAT SCPA","target":"CENTRE NATIONAL DE LA RECHERCHE SCIENTIFIQUE","id":"119238","attributes":{},"color":"","size":1.0},{"label":"119208","source":"CENTRO ITALIANO RICERCHE AEROSPAZIALI SCPA","target":"OFFICE NATIONAL D\u0027ETUDES ET DE RECHERCHES AEROSPATIALES","id":"119208","attributes":{},"color":"","size":1.0},{"label":"119181","source":"CNR","target":"NATIONAL AND KAPODISTRIAN UNIVERSITY OF ATHENS","id":"119181","attributes":{},"color":"","size":1.0},{"label":"119264","source":"STMICROELECTRONICS SRL","target":"SYNELIXIS LYSEIS PLIROFORIKIS AUTOMATISMOU \u0026 TILEPIKOINONION MONOPROSOPI EPE","id":"119264","attributes":{},"color":"","size":1.0},{"label":"119224","source":"AVIO","target":"ROLLS ROYCE PLC","id":"119224","attributes":{},"color":"","size":1.0},{"label":"119223","source":"AVIO","target":"OFFICE NATIONAL D\u0027ETUDES ET DE RECHERCHES AEROSPATIALES","id":"119223","attributes":{},"color":"","size":1.0},{"label":"119241","source":"CENTRO RICERCHE FIAT SCPA","target":"CONTINENTAL AUTOMOTIVE GMBH","id":"119241","attributes":{},"color":"","size":1.0},{"label":"119213","source":"CENTRO ITALIANO RICERCHE AEROSPAZIALI SCPA","target":"TOTALFORSVARETS FORSKNINGSINSTITUT","id":"119213","attributes":{},"color":"","size":1.0},{"label":"119156","source":"UNIMI","target":"KAROLINSKA INSTITUTET","id":"119156","attributes":{},"color":"","size":1.0},{"label":"119233","source":"AVIO","target":"VOLVO AERO CORPORATION AB","id":"119233","attributes":{},"color":"","size":1.0},{"label":"119198","source":"CENTRO ITALIANO RICERCHE AEROSPAZIALI SCPA","target":"AIRBUS OPERATIONS SL","id":"119198","attributes":{},"color":"","size":1.0},{"label":"119257","source":"STMICROELECTRONICS SRL","target":"CENTRE NATIONAL DE LA RECHERCHE SCIENTIFIQUE","id":"119257","attributes":{},"color":"","size":1.0},{"label":"119204","source":"CENTRO ITALIANO RICERCHE AEROSPAZIALI SCPA","target":"DEUTSCHES ZENTRUM FUER LUFT - UND RAUMFAHRT EV","id":"119204","attributes":{},"color":"","size":1.0},{"label":"119162","source":"CNR","target":"AGENCIA ESTATAL CONSEJO SUPERIOR DE INVESTIGACIONES CIENTIFICAS","id":"119162","attributes":{},"color":"","size":1.0},{"label":"119254","source":"CENTRO RICERCHE FIAT SCPA","target":"VOLVO TECHNOLOGY AB","id":"119254","attributes":{},"color":"","size":1.0},{"label":"119133","source":"ISS","target":"ACADEMISCH ZIEKENHUIS LEIDEN - LEIDS UNIVERSITAIR MEDISCH CENTRUM","id":"119133","attributes":{},"color":"","size":1.0},{"label":"119244","source":"CENTRO RICERCHE FIAT SCPA","target":"FRAUNHOFER-GESELLSCHAFT ZUR FOERDERUNG DER ANGEWANDTEN FORSCHUNG E.V","id":"119244","attributes":{},"color":"","size":1.0},{"label":"119169","source":"CNR","target":"ECOLE POLYTECHNIQUE FEDERALE DE LAUSANNE","id":"119169","attributes":{},"color":"","size":1.0},{"label":"119140","source":"ISS","target":"THE CHANCELLOR, MASTERS AND SCHOLARS OF THE UNIVERSITY OF OXFORD","id":"119140","attributes":{},"color":"","size":1.0},{"label":"119180","source":"CNR","target":"LUNDS UNIVERSITET","id":"119180","attributes":{},"color":"","size":1.0},{"label":"119129","source":"UNIBO","target":"TECHNICAL UNIVERSITY OF CRETE","id":"119129","attributes":{},"color":"","size":1.0},{"label":"119123","source":"UNIBO","target":"EUROPEAN FOOD INFORMATION COUNCIL AISBL","id":"119123","attributes":{},"color":"","size":1.0},{"label":"119255","source":"STMICROELECTRONICS SRL","target":"UNIBO","id":"119255","attributes":{},"color":"","size":1.0},{"label":"119195","source":"CNR","target":"UNIVERSITEIT TWENTE","id":"119195","attributes":{},"color":"","size":1.0},{"label":"119146","source":"D\u0027Appolonia","target":"MOSTOSTAL WARSZAWA SA","id":"119146","attributes":{},"color":"","size":1.0},{"label":"119235","source":"CENTRO RICERCHE FIAT SCPA","target":"CNR","id":"119235","attributes":{},"color":"","size":1.0},{"label":"119227","source":"AVIO","target":"STICHTING NATIONAAL LUCHT- EN RUIMTEVAARTLABORATORIUM","id":"119227","attributes":{},"color":"","size":1.0},{"label":"119247","source":"CENTRO RICERCHE FIAT SCPA","target":"KARLSRUHER INSTITUT FUER TECHNOLOGIE","id":"119247","attributes":{},"color":"","size":1.0},{"label":"119168","source":"CNR","target":"DEUTSCHES FORSCHUNGSZENTRUM FUER KUENSTLICHE INTELLIGENZ GMBH","id":"119168","attributes":{},"color":"","size":1.0},{"label":"119214","source":"CENTRO ITALIANO RICERCHE AEROSPAZIALI SCPA","target":"UNIVERSITY OF PATRAS","id":"119214","attributes":{},"color":"","size":1.0},{"label":"119222","source":"AVIO","target":"MTU AERO ENGINES GMBH","id":"119222","attributes":{},"color":"","size":1.0},{"label":"119183","source":"CNR","target":"SCUOLA UNIVERSITARIA PROFESSIONALE DELLA SVIZZERA ITALIANA (SUPSI)","id":"119183","attributes":{},"color":"","size":1.0},{"label":"119158","source":"UNIMI","target":"STICHTING DIENST LANDBOUWKUNDIG ONDERZOEK","id":"119158","attributes":{},"color":"","size":1.0},{"label":"119132","source":"UNIBO","target":"WAGENINGEN UNIVERSITEIT","id":"119132","attributes":{},"color":"","size":1.0},{"label":"119258","source":"STMICROELECTRONICS SRL","target":"COMMISSARIAT A L ENERGIE ATOMIQUE ET AUX ENERGIES ALTERNATIVES","id":"119258","attributes":{},"color":"","size":1.0},{"label":"119188","source":"CNR","target":"TECHNISCHE UNIVERSITEIT EINDHOVEN","id":"119188","attributes":{},"color":"","size":1.0},{"label":"119228","source":"AVIO","target":"THE CHANCELLOR, MASTERS AND SCHOLARS OF THE UNIVERSITY OF CAMBRIDGE","id":"119228","attributes":{},"color":"","size":1.0},{"label":"119221","source":"AVIO","target":"LOUGHBOROUGH UNIVERSITY","id":"119221","attributes":{},"color":"","size":1.0},{"label":"119161","source":"UNIMI","target":"UNIVERSITY COLLEGE LONDON","id":"119161","attributes":{},"color":"","size":1.0},{"label":"119147","source":"D\u0027Appolonia","target":"NATIONAL TECHNICAL UNIVERSITY OF ATHENS","id":"119147","attributes":{},"color":"","size":1.0},{"label":"119130","source":"UNIBO","target":"UNIVERSITAET FUER BODENKULTUR WIEN","id":"119130","attributes":{},"color":"","size":1.0},{"label":"119120","source":"UNIBO","target":"CNR","id":"119120","attributes":{},"color":"","size":1.0},{"label":"119234","source":"AVIO","target":"WYTWORNIA SPRZETU KOMUNIKACYJNEGO PZL - RZESZOW SA","id":"119234","attributes":{},"color":"","size":1.0},{"label":"119121","source":"UNIBO","target":"CAMPDEN BRI MAGYARORSZAG NONPROFIT KORLATOLT FELELOSSEGU TARSASAG","id":"119121","attributes":{},"color":"","size":1.0},{"label":"119148","source":"D\u0027Appolonia","target":"NEDERLANDSE ORGANISATIE VOOR TOEGEPAST NATUURWETENSCHAPPELIJK ONDERZOEK - TNO","id":"119148","attributes":{},"color":"","size":1.0},{"label":"119185","source":"CNR","target":"TECHNISCHE UNIVERSITAET WIEN","id":"119185","attributes":{},"color":"","size":1.0},{"label":"119220","source":"AVIO","target":"KARLSRUHER INSTITUT FUER TECHNOLOGIE","id":"119220","attributes":{},"color":"","size":1.0},{"label":"119125","source":"UNIBO","target":"INSTITUT NATIONAL DE LA RECHERCHE AGRONOMIQUE","id":"119125","attributes":{},"color":"","size":1.0},{"label":"119263","source":"STMICROELECTRONICS SRL","target":"POLITECNICO DI TORINO","id":"119263","attributes":{},"color":"","size":1.0},{"label":"119251","source":"CENTRO RICERCHE FIAT SCPA","target":"ROBERT BOSCH GMBH","id":"119251","attributes":{},"color":"","size":1.0},{"label":"119219","source":"AVIO","target":"INDUSTRIA DE TURBO PROPULSORES SA","id":"119219","attributes":{},"color":"","size":1.0},{"label":"119159","source":"UNIMI","target":"THE CHANCELLOR, MASTERS AND SCHOLARS OF THE UNIVERSITY OF CAMBRIDGE","id":"119159","attributes":{},"color":"","size":1.0},{"label":"119128","source":"UNIBO","target":"TEAGASC - AGRICULTURE AND FOOD DEVELOPMENT AUTHORITY","id":"119128","attributes":{},"color":"","size":1.0},{"label":"119205","source":"CENTRO ITALIANO RICERCHE AEROSPAZIALI SCPA","target":"EADS DEUTSCHLAND GMBH","id":"119205","attributes":{},"color":"","size":1.0},{"label":"119124","source":"UNIBO","target":"INRA TRANSFERT S.A.","id":"119124","attributes":{},"color":"","size":1.0},{"label":"119176","source":"CNR","target":"INSTITUT NATIONAL DE RECHERCHE EN INFORMATIQUE ET EN AUTOMATIQUE","id":"119176","attributes":{},"color":"","size":1.0},{"label":"119249","source":"CENTRO RICERCHE FIAT SCPA","target":"RENAULT S.A.S. REPRESENTED BY GIE REGIENOV","id":"119249","attributes":{},"color":"","size":1.0},{"label":"119232","source":"AVIO","target":"UNIVERSITY OF SOUTHAMPTON","id":"119232","attributes":{},"color":"","size":1.0},{"label":"119175","source":"CNR","target":"INESC PORTO - INSTITUTO DE ENGENHARIA DE SISTEMAS E COMPUTADORES DO PORTO","id":"119175","attributes":{},"color":"","size":1.0},{"label":"119145","source":"D\u0027Appolonia","target":"FUNDACION TECNALIA RESEARCH \u0026 INNOVATION","id":"119145","attributes":{},"color":"","size":1.0},{"label":"119272","source":"POLIMI","target":"IMPERIAL COLLEGE OF SCIENCE, TECHNOLOGY AND MEDICINE","id":"119272","attributes":{},"color":"","size":1.0},{"label":"119201","source":"CENTRO ITALIANO RICERCHE AEROSPAZIALI SCPA","target":"CENTRE DE RECHERCHE EN AERONAUTIQUE ASBL - CENAERO","id":"119201","attributes":{},"color":"","size":1.0},{"label":"119271","source":"POLIMI","target":"FRAUNHOFER-GESELLSCHAFT ZUR FOERDERUNG DER ANGEWANDTEN FORSCHUNG E.V","id":"119271","attributes":{},"color":"","size":1.0},{"label":"119275","source":"POLIMI","target":"TECHNISCHE UNIVERSITAET WIEN","id":"119275","attributes":{},"color":"","size":1.0},{"label":"119136","source":"ISS","target":"INSTITUT PASTEUR","id":"119136","attributes":{},"color":"","size":1.0},{"label":"119250","source":"CENTRO RICERCHE FIAT SCPA","target":"RHEINISCH-WESTFAELISCHE TECHNISCHE HOCHSCHULE AACHEN","id":"119250","attributes":{},"color":"","size":1.0},{"label":"119197","source":"CENTRO ITALIANO RICERCHE AEROSPAZIALI SCPA","target":"AIRBUS OPERATIONS SAS","id":"119197","attributes":{},"color":"","size":1.0},{"label":"119190","source":"CNR","target":"THE CHANCELLOR, MASTERS AND SCHOLARS OF THE UNIVERSITY OF CAMBRIDGE","id":"119190","attributes":{},"color":"","size":1.0},{"label":"119143","source":"D\u0027Appolonia","target":"POLIMI","id":"119143","attributes":{},"color":"","size":1.0},{"label":"119192","source":"CNR","target":"THE UNIVERSITY OF MANCHESTER","id":"119192","attributes":{},"color":"","size":1.0},{"label":"119189","source":"CNR","target":"TEKNOLOGIAN TUTKIMUSKESKUS VTT","id":"119189","attributes":{},"color":"","size":1.0},{"label":"119160","source":"UNIMI","target":"THE CHANCELLOR, MASTERS AND SCHOLARS OF THE UNIVERSITY OF OXFORD","id":"119160","attributes":{},"color":"","size":1.0},{"label":"119276","source":"POLIMI","target":"TECHNISCHE UNIVERSITAT BERLIN","id":"119276","attributes":{},"color":"","size":1.0},{"label":"119134","source":"ISS","target":"IMPERIAL COLLEGE OF SCIENCE, TECHNOLOGY AND MEDICINE","id":"119134","attributes":{},"color":"","size":1.0},{"label":"119165","source":"CNR","target":"CHALMERS TEKNISKA HOEGSKOLA AB","id":"119165","attributes":{},"color":"","size":1.0},{"label":"119256","source":"STMICROELECTRONICS SRL","target":"CENTRO RICERCHE FIAT SCPA","id":"119256","attributes":{},"color":"","size":1.0},{"label":"119261","source":"STMICROELECTRONICS SRL","target":"INTERUNIVERSITAIR MICRO-ELECTRONICA CENTRUM VZW","id":"119261","attributes":{},"color":"","size":1.0},{"label":"119177","source":"CNR","target":"INTERUNIVERSITAIR MICRO-ELECTRONICA CENTRUM VZW","id":"119177","attributes":{},"color":"","size":1.0},{"label":"119202","source":"CENTRO ITALIANO RICERCHE AEROSPAZIALI SCPA","target":"CRANFIELD UNIVERSITY","id":"119202","attributes":{},"color":"","size":1.0},{"label":"119187","source":"CNR","target":"TECHNISCHE UNIVERSITEIT DELFT","id":"119187","attributes":{},"color":"","size":1.0},{"label":"119178","source":"CNR","target":"KARLSRUHER INSTITUT FUER TECHNOLOGIE","id":"119178","attributes":{},"color":"","size":1.0},{"label":"119231","source":"AVIO","target":"UNIVERSITA DEGLI STUDI DI FIRENZE","id":"119231","attributes":{},"color":"","size":1.0},{"label":"119193","source":"CNR","target":"UNIVERSIDAD POLITECNICA DE MADRID","id":"119193","attributes":{},"color":"","size":1.0},{"label":"119155","source":"UNIMI","target":"INSTITUT NATIONAL DE LA SANTE ET DE LA RECHERCHE MEDICALE (INSERM)","id":"119155","attributes":{},"color":"","size":1.0},{"label":"119277","source":"POLIMI","target":"TECHNISCHE UNIVERSITEIT DELFT","id":"119277","attributes":{},"color":"","size":1.0},{"label":"119152","source":"UNIMI","target":"AGENCIA ESTATAL CONSEJO SUPERIOR DE INVESTIGACIONES CIENTIFICAS","id":"119152","attributes":{},"color":"","size":1.0},{"label":"119248","source":"CENTRO RICERCHE FIAT SCPA","target":"NEDERLANDSE ORGANISATIE VOOR TOEGEPAST NATUURWETENSCHAPPELIJK ONDERZOEK - TNO","id":"119248","attributes":{},"color":"","size":1.0},{"label":"119270","source":"POLIMI","target":"FRANCE TELECOM SA","id":"119270","attributes":{},"color":"","size":1.0},{"label":"119207","source":"CENTRO ITALIANO RICERCHE AEROSPAZIALI SCPA","target":"FUNDACION TECNALIA RESEARCH \u0026 INNOVATION","id":"119207","attributes":{},"color":"","size":1.0},{"label":"119172","source":"CNR","target":"FRAUNHOFER-GESELLSCHAFT ZUR FOERDERUNG DER ANGEWANDTEN FORSCHUNG E.V","id":"119172","attributes":{},"color":"","size":1.0},{"label":"119126","source":"UNIBO","target":"INSTITUTE OF FOOD RESEARCH","id":"119126","attributes":{},"color":"","size":1.0},{"label":"119240","source":"CENTRO RICERCHE FIAT SCPA","target":"COMMISSARIAT A L ENERGIE ATOMIQUE ET AUX ENERGIES ALTERNATIVES","id":"119240","attributes":{},"color":"","size":1.0},{"label":"119273","source":"POLIMI","target":"RHEINISCH-WESTFAELISCHE TECHNISCHE HOCHSCHULE AACHEN","id":"119273","attributes":{},"color":"","size":1.0},{"label":"119274","source":"POLIMI","target":"SAP AG","id":"119274","attributes":{},"color":"","size":1.0},{"label":"119253","source":"CENTRO RICERCHE FIAT SCPA","target":"VOLKSWAGEN AG","id":"119253","attributes":{},"color":"","size":1.0},{"label":"119122","source":"UNIBO","target":"EIDGENOSSISCHES VOLKSWIRTSCHAFTSDEPARTEMENT","id":"119122","attributes":{},"color":"","size":1.0},{"label":"119252","source":"CENTRO RICERCHE FIAT SCPA","target":"UNIVERSITY OF PATRAS","id":"119252","attributes":{},"color":"","size":1.0},{"label":"119131","source":"UNIBO","target":"UNIVERSITEIT GENT","id":"119131","attributes":{},"color":"","size":1.0},{"label":"119262","source":"STMICROELECTRONICS SRL","target":"KATHOLIEKE UNIVERSITEIT LEUVEN","id":"119262","attributes":{},"color":"","size":1.0},{"label":"119217","source":"AVIO","target":"CHALMERS TEKNISKA HOEGSKOLA AB","id":"119217","attributes":{},"color":"","size":1.0},{"label":"119229","source":"AVIO","target":"TURBOMECA SA","id":"119229","attributes":{},"color":"","size":1.0},{"label":"119196","source":"CENTRO ITALIANO RICERCHE AEROSPAZIALI SCPA","target":"AIRBUS OPERATIONS GMBH","id":"119196","attributes":{},"color":"","size":1.0},{"label":"119243","source":"CENTRO RICERCHE FIAT SCPA","target":"EADS DEUTSCHLAND GMBH","id":"119243","attributes":{},"color":"","size":1.0},{"label":"119209","source":"CENTRO ITALIANO RICERCHE AEROSPAZIALI SCPA","target":"PIAGGIO AERO INDUSTRIES SPA","id":"119209","attributes":{},"color":"","size":1.0},{"label":"119246","source":"CENTRO RICERCHE FIAT SCPA","target":"IVECO S.P.A.","id":"119246","attributes":{},"color":"","size":1.0},{"label":"119179","source":"CNR","target":"KATHOLIEKE UNIVERSITEIT LEUVEN","id":"119179","attributes":{},"color":"","size":1.0},{"label":"119170","source":"CNR","target":"EIDGENOSSISCHE TECHNISCHE HOCHSCHULE ZURICH","id":"119170","attributes":{},"color":"","size":1.0},{"label":"119174","source":"CNR","target":"IMPERIAL COLLEGE OF SCIENCE, TECHNOLOGY AND MEDICINE","id":"119174","attributes":{},"color":"","size":1.0},{"label":"119191","source":"CNR","target":"THE CHANCELLOR, MASTERS AND SCHOLARS OF THE UNIVERSITY OF OXFORD","id":"119191","attributes":{},"color":"","size":1.0},{"label":"119118","source":"UNIBO","target":"AARHUS UNIVERSITET","id":"119118","attributes":{},"color":"","size":1.0},{"label":"119267","source":"POLIMI","target":"CSEM CENTRE SUISSE D\u0027ELECTRONIQUE ET DE MICROTECHNIQUE SA - RECHERCHE ET DEVELOPPEMENT","id":"119267","attributes":{},"color":"","size":1.0},{"label":"119269","source":"POLIMI","target":"EIDGENOSSISCHE TECHNISCHE HOCHSCHULE ZURICH","id":"119269","attributes":{},"color":"","size":1.0},{"label":"119153","source":"UNIMI","target":"IMPERIAL COLLEGE OF SCIENCE, TECHNOLOGY AND MEDICINE","id":"119153","attributes":{},"color":"","size":1.0},{"label":"119206","source":"CENTRO ITALIANO RICERCHE AEROSPAZIALI SCPA","target":"FEDERAL STATE UNITARY ENTERPRISE THE CENTRAL AEROHYDRODYNAMIC INSTITUTE NAMED AFTER PROF. N.E. ZHUKOVSKY","id":"119206","attributes":{},"color":"","size":1.0},{"label":"119141","source":"D\u0027Appolonia","target":"ACCIONA INFRAESTRUCTURAS S.A.","id":"119141","attributes":{},"color":"","size":1.0},{"label":"119268","source":"POLIMI","target":"ECOLE POLYTECHNIQUE FEDERALE DE LAUSANNE","id":"119268","attributes":{},"color":"","size":1.0},{"label":"119216","source":"AVIO","target":"CENTRE EUROPEEN DE RECHERCHE ET DE FORMATION AVANCEE EN CALCUL SCIENTIFIQUE","id":"119216","attributes":{},"color":"","size":1.0},{"label":"119199","source":"CENTRO ITALIANO RICERCHE AEROSPAZIALI SCPA","target":"ALENIA AERMACCHI SPA","id":"119199","attributes":{},"color":"","size":1.0},{"label":"119142","source":"D\u0027Appolonia","target":"CENTRE SCIENTIFIQUE ET TECHNIQUE DU BATIMENT","id":"119142","attributes":{},"color":"","size":1.0},{"label":"119119","source":"UNIBO","target":"UNIMI","id":"119119","attributes":{},"color":"","size":1.0},{"label":"119186","source":"CNR","target":"TECHNISCHE UNIVERSITAT BERLIN","id":"119186","attributes":{},"color":"","size":1.0},{"label":"119226","source":"AVIO","target":"SNECMA SA","id":"119226","attributes":{},"color":"","size":1.0},{"label":"119184","source":"CNR","target":"STIFTELSEN SINTEF","id":"119184","attributes":{},"color":"","size":1.0},{"label":"119280","source":"UNITO","target":"THE UNIVERSITY OF LIVERPOOL","id":"119280","attributes":{},"color":"","size":1.0},{"label":"119279","source":"UNITO","target":"MAX PLANCK GESELLSCHAFT ZUR FOERDERUNG DER WISSENSCHAFTEN E.V.","id":"119279","attributes":{},"color":"","size":1.0},{"label":"119151","source":"UNIMI","target":"UNIBO","id":"119151","attributes":{},"color":"","size":1.0},{"label":"119166","source":"CNR","target":"COMMISSARIAT A L ENERGIE ATOMIQUE ET AUX ENERGIES ALTERNATIVES","id":"119166","attributes":{},"color":"","size":1.0},{"label":"119163","source":"CNR","target":"ATOS ORIGIN SOCIEDAD ANONIMA ESPANOLA","id":"119163","attributes":{},"color":"","size":1.0},{"label":"119210","source":"CENTRO ITALIANO RICERCHE AEROSPAZIALI SCPA","target":"SAAB AKTIEBOLAG","id":"119210","attributes":{},"color":"","size":1.0},{"label":"119212","source":"CENTRO ITALIANO RICERCHE AEROSPAZIALI SCPA","target":"TECHNISCHE UNIVERSITEIT DELFT","id":"119212","attributes":{},"color":"","size":1.0},{"label":"119137","source":"ISS","target":"INSTITUTO DE SALUD CARLOS III","id":"119137","attributes":{},"color":"","size":1.0},{"label":"119242","source":"CENTRO RICERCHE FIAT SCPA","target":"DAIMLER AG","id":"119242","attributes":{},"color":"","size":1.0},{"label":"119127","source":"UNIBO","target":"STICHTING DIENST LANDBOUWKUNDIG ONDERZOEK","id":"119127","attributes":{},"color":"","size":1.0},{"label":"119149","source":"D\u0027Appolonia","target":"TEKNOLOGIAN TUTKIMUSKESKUS VTT","id":"119149","attributes":{},"color":"","size":1.0},{"label":"119239","source":"CENTRO RICERCHE FIAT SCPA","target":"CHALMERS TEKNISKA HOEGSKOLA AB","id":"119239","attributes":{},"color":"","size":1.0},{"label":"119144","source":"D\u0027Appolonia","target":"FRAUNHOFER-GESELLSCHAFT ZUR FOERDERUNG DER ANGEWANDTEN FORSCHUNG E.V","id":"119144","attributes":{},"color":"","size":1.0},{"label":"119218","source":"AVIO","target":"DEUTSCHES ZENTRUM FUER LUFT - UND RAUMFAHRT EV","id":"119218","attributes":{},"color":"","size":1.0},{"label":"119164","source":"CNR","target":"CENTRE NATIONAL DE LA RECHERCHE SCIENTIFIQUE","id":"119164","attributes":{},"color":"","size":1.0},{"label":"119173","source":"CNR","target":"FUNDACION TECNALIA RESEARCH \u0026 INNOVATION","id":"119173","attributes":{},"color":"","size":1.0},{"label":"119194","source":"CNR","target":"UNIVERSITE PIERRE ET MARIE CURIE - PARIS 6","id":"119194","attributes":{},"color":"","size":1.0},{"label":"119230","source":"AVIO","target":"UNIVERSIDAD POLITECNICA DE MADRID","id":"119230","attributes":{},"color":"","size":1.0},{"label":"119182","source":"CNR","target":"SAP AG","id":"119182","attributes":{},"color":"","size":1.0},{"label":"119211","source":"CENTRO ITALIANO RICERCHE AEROSPAZIALI SCPA","target":"STICHTING NATIONAAL LUCHT- EN RUIMTEVAARTLABORATORIUM","id":"119211","attributes":{},"color":"","size":1.0},{"label":"119138","source":"ISS","target":"KAROLINSKA INSTITUTET","id":"119138","attributes":{},"color":"","size":1.0},{"label":"119245","source":"CENTRO RICERCHE FIAT SCPA","target":"FUNDACION TECNALIA RESEARCH \u0026 INNOVATION","id":"119245","attributes":{},"color":"","size":1.0},{"label":"119237","source":"CENTRO RICERCHE FIAT SCPA","target":"AVL LIST GMBH","id":"119237","attributes":{},"color":"","size":1.0},{"label":"119139","source":"ISS","target":"MAX PLANCK GESELLSCHAFT ZUR FOERDERUNG DER WISSENSCHAFTEN E.V.","id":"119139","attributes":{},"color":"","size":1.0},{"label":"119260","source":"STMICROELECTRONICS SRL","target":"FRAUNHOFER-GESELLSCHAFT ZUR FOERDERUNG DER ANGEWANDTEN FORSCHUNG E.V","id":"119260","attributes":{},"color":"","size":1.0},{"label":"119135","source":"ISS","target":"INSTITUT NATIONAL DE LA SANTE ET DE LA RECHERCHE MEDICALE (INSERM)","id":"119135","attributes":{},"color":"","size":1.0},{"label":"119259","source":"STMICROELECTRONICS SRL","target":"POLIMI","id":"119259","attributes":{},"color":"","size":1.0},{"label":"119266","source":"POLIMI","target":"STMICROELECTRONICS SRL","id":"119266","attributes":{},"color":"","size":1.0},{"label":"119200","source":"CENTRO ITALIANO RICERCHE AEROSPAZIALI SCPA","target":"ARTTIC","id":"119200","attributes":{},"color":"","size":1.0},{"label":"119171","source":"CNR","target":"FOUNDATION FOR RESEARCH AND TECHNOLOGY HELLAS","id":"119171","attributes":{},"color":"","size":1.0},{"label":"119215","source":"AVIO","target":"ARTTIC","id":"119215","attributes":{},"color":"","size":1.0},{"label":"119225","source":"AVIO","target":"ROLLS-ROYCE DEUTSCHLAND LTD \u0026 CO KG","id":"119225","attributes":{},"color":"","size":1.0},{"label":"119203","source":"CENTRO ITALIANO RICERCHE AEROSPAZIALI SCPA","target":"DASSAULT AVIATION SA","id":"119203","attributes":{},"color":"","size":1.0},{"label":"119278","source":"UNITO","target":"KAROLINSKA INSTITUTET","id":"119278","attributes":{},"color":"","size":1.0}],"nodes":[{"x":-203.5904998779297,"y":47.04707717895508,"id":"TECHNICAL UNIVERSITY OF CRETE","attributes":{"Betweenness Centrality":"0.0","peso":"5","Modularity Class":"6","Out-Degree":"0","Degree":"1","In-Degree":"1","outdegree":"0","indegree":"1","Eccentricity":"0.0","Closeness Centrality":"0.0"},"color":"rgb(153,153,153)","size":2.629213571548462},{"x":190.9075927734375,"y":-84.9517822265625,"id":"FOUNDATION FOR RESEARCH AND TECHNOLOGY HELLAS","attributes":{"Betweenness Centrality":"0.0","peso":"5","Modularity Class":"3","Out-Degree":"0","Degree":"1","In-Degree":"1","outdegree":"0","indegree":"1","Eccentricity":"0.0","Closeness Centrality":"0.0"},"color":"rgb(153,153,153)","size":2.629213571548462},{"x":20.045530319213867,"y":207.99205017089844,"id":"ACCIONA INFRAESTRUCTURAS S.A.","attributes":{"Betweenness Centrality":"0.0","peso":"12","Modularity Class":"4","Out-Degree":"0","Degree":"1","In-Degree":"1","outdegree":"0","indegree":"1","Eccentricity":"0.0","Closeness Centrality":"0.0"},"color":"rgb(153,153,153)","size":4.910112380981445},{"x":203.9750518798828,"y":45.350807189941406,"id":"D\u0027Appolonia","attributes":{"Betweenness Centrality":"0.0","peso":"0","Modularity Class":"4","Out-Degree":"10","Degree":"10","In-Degree":"0","outdegree":"10","indegree":"0","Eccentricity":"5.0","Closeness Centrality":"2.9740259740259742"},"color":"rgb(153,153,153)","size":1.0},{"x":52.77499008178711,"y":-202.181396484375,"id":"INSTITUT NATIONAL DE LA SANTE ET DE LA RECHERCHE MEDICALE (INSERM)","attributes":{"Betweenness Centrality":"0.0","peso":"17","Modularity Class":"7","Out-Degree":"0","Degree":"2","In-Degree":"2","outdegree":"0","indegree":"2","Eccentricity":"0.0","Closeness Centrality":"0.0"},"color":"rgb(153,153,153)","size":6.539325714111328},{"x":-80.13983154296875,"y":-192.9770050048828,"id":"MAX PLANCK GESELLSCHAFT ZUR FOERDERUNG DER WISSENSCHAFTEN E.V.","attributes":{"Betweenness Centrality":"0.0","peso":"10","Modularity Class":"7","Out-Degree":"0","Degree":"2","In-Degree":"2","outdegree":"0","indegree":"2","Eccentricity":"0.0","Closeness Centrality":"0.0"},"color":"rgb(153,153,153)","size":4.258427143096924},{"x":-126.74242401123047,"y":166.12908935546875,"id":"UNIMI","attributes":{"Betweenness Centrality":"15.5","peso":"5","Modularity Class":"6","Out-Degree":"11","Degree":"12","In-Degree":"1","outdegree":"11","indegree":"1","Eccentricity":"3.0","Closeness Centrality":"2.3461538461538463"},"color":"rgb(153,153,153)","size":2.629213571548462},{"x":207.2706756591797,"y":-26.483633041381836,"id":"EADS DEUTSCHLAND GMBH","attributes":{"Betweenness Centrality":"0.0","peso":"16","Modularity Class":"2","Out-Degree":"0","Degree":"2","In-Degree":"2","outdegree":"0","indegree":"2","Eccentricity":"0.0","Closeness Centrality":"0.0"},"color":"rgb(153,153,153)","size":6.2134833335876465},{"x":-185.60556030273438,"y":95.98487091064453,"id":"TEKNOLOGIAN TUTKIMUSKESKUS VTT","attributes":{"Betweenness Centrality":"0.0","peso":"10","Modularity Class":"4","Out-Degree":"0","Degree":"2","In-Degree":"2","outdegree":"0","indegree":"2","Eccentricity":"0.0","Closeness Centrality":"0.0"},"color":"rgb(153,153,153)","size":4.258427143096924},{"x":-206.0590362548828,"y":34.67258834838867,"id":"SYNELIXIS LYSEIS PLIROFORIKIS AUTOMATISMOU \u0026 TILEPIKOINONION MONOPROSOPI EPE","attributes":{"Betweenness Centrality":"0.0","peso":"5","Modularity Class":"5","Out-Degree":"0","Degree":"1","In-Degree":"1","outdegree":"0","indegree":"1","Eccentricity":"0.0","Closeness Centrality":"0.0"},"color":"rgb(153,153,153)","size":2.629213571548462},{"x":40.911537170410156,"y":-204.91160583496094,"id":"INSTITUT NATIONAL DE RECHERCHE EN INFORMATIQUE ET EN AUTOMATIQUE","attributes":{"Betweenness Centrality":"0.0","peso":"8","Modularity Class":"3","Out-Degree":"0","Degree":"1","In-Degree":"1","outdegree":"0","indegree":"1","Eccentricity":"0.0","Closeness Centrality":"0.0"},"color":"rgb(153,153,153)","size":3.6067416667938232},{"x":3.5458972454071045,"y":208.92568969726562,"id":"AARHUS UNIVERSITET","attributes":{"Betweenness Centrality":"0.0","peso":"6","Modularity Class":"6","Out-Degree":"0","Degree":"1","In-Degree":"1","outdegree":"0","indegree":"1","Eccentricity":"0.0","Closeness Centrality":"0.0"},"color":"rgb(153,153,153)","size":2.9550561904907227},{"x":-38.02513885498047,"y":-205.466796875,"id":"KAROLINSKA INSTITUTET","attributes":{"Betweenness Centrality":"0.0","peso":"18","Modularity Class":"7","Out-Degree":"0","Degree":"3","In-Degree":"3","outdegree":"0","indegree":"3","Eccentricity":"0.0","Closeness Centrality":"0.0"},"color":"rgb(153,153,153)","size":6.865168571472168},{"x":-190.17710876464844,"y":-86.57473754882812,"id":"ROLLS ROYCE PLC","attributes":{"Betweenness Centrality":"0.0","peso":"17","Modularity Class":"0","Out-Degree":"0","Degree":"1","In-Degree":"1","outdegree":"0","indegree":"1","Eccentricity":"0.0","Closeness Centrality":"0.0"},"color":"rgb(153,153,153)","size":6.539325714111328},{"x":195.1332550048828,"y":74.73638916015625,"id":"COMMISSARIAT A L ENERGIE ATOMIQUE ET AUX ENERGIES ALTERNATIVES","attributes":{"Betweenness Centrality":"0.0","peso":"22","Modularity Class":"5","Out-Degree":"0","Degree":"3","In-Degree":"3","outdegree":"0","indegree":"3","Eccentricity":"0.0","Closeness Centrality":"0.0"},"color":"rgb(153,153,153)","size":8.168539047241211},{"x":-133.81431579589844,"y":160.48753356933594,"id":"UNIBO","attributes":{"Betweenness Centrality":"99.33333333333333","peso":"12","Modularity Class":"6","Out-Degree":"15","Degree":"17","In-Degree":"2","outdegree":"15","indegree":"2","Eccentricity":"2.0","Closeness Centrality":"1.7115384615384615"},"color":"rgb(153,153,153)","size":4.910112380981445},{"x":-141.39158630371094,"y":-153.85362243652344,"id":"OFFICE NATIONAL D\u0027ETUDES ET DE RECHERCHES AEROSPATIALES","attributes":{"Betweenness Centrality":"0.0","peso":"36","Modularity Class":"1","Out-Degree":"0","Degree":"2","In-Degree":"2","outdegree":"0","indegree":"2","Eccentricity":"0.0","Closeness Centrality":"0.0"},"color":"rgb(153,153,153)","size":12.730337142944336},{"x":-42.94569396972656,"y":204.4949493408203,"id":"VOLKSWAGEN AG","attributes":{"Betweenness Centrality":"0.0","peso":"9","Modularity Class":"2","Out-Degree":"0","Degree":"1","In-Degree":"1","outdegree":"0","indegree":"1","Eccentricity":"0.0","Closeness Centrality":"0.0"},"color":"rgb(153,153,153)","size":3.932584285736084},{"x":-52.57926559448242,"y":-202.23239135742188,"id":"KATHOLIEKE UNIVERSITEIT LEUVEN","attributes":{"Betweenness Centrality":"0.0","peso":"14","Modularity Class":"5","Out-Degree":"0","Degree":"2","In-Degree":"2","outdegree":"0","indegree":"2","Eccentricity":"0.0","Closeness Centrality":"0.0"},"color":"rgb(153,153,153)","size":5.561798095703125},{"x":-22.379465103149414,"y":207.75389099121094,"id":"VOLVO TECHNOLOGY AB","attributes":{"Betweenness Centrality":"0.0","peso":"14","Modularity Class":"2","Out-Degree":"0","Degree":"1","In-Degree":"1","outdegree":"0","indegree":"1","Eccentricity":"0.0","Closeness Centrality":"0.0"},"color":"rgb(153,153,153)","size":5.561798095703125},{"x":-76.088134765625,"y":194.6101531982422,"id":"UNIVERSITEIT TWENTE","attributes":{"Betweenness Centrality":"0.0","peso":"5","Modularity Class":"3","Out-Degree":"0","Degree":"1","In-Degree":"1","outdegree":"0","indegree":"1","Eccentricity":"0.0","Closeness Centrality":"0.0"},"color":"rgb(153,153,153)","size":2.629213571548462},{"x":-62.03054428100586,"y":-199.53628540039062,"id":"LOUGHBOROUGH UNIVERSITY","attributes":{"Betweenness Centrality":"0.0","peso":"5","Modularity Class":"0","Out-Degree":"0","Degree":"1","In-Degree":"1","outdegree":"0","indegree":"1","Eccentricity":"0.0","Closeness Centrality":"0.0"},"color":"rgb(153,153,153)","size":2.629213571548462},{"x":200.8657684326172,"y":-57.58002853393555,"id":"EIDGENOSSISCHE TECHNISCHE HOCHSCHULE ZURICH","attributes":{"Betweenness Centrality":"0.0","peso":"15","Modularity Class":"3","Out-Degree":"0","Degree":"2","In-Degree":"2","outdegree":"0","indegree":"2","Eccentricity":"0.0","Closeness Centrality":"0.0"},"color":"rgb(153,153,153)","size":5.887640476226807},{"x":197.8103790283203,"y":-67.331787109375,"id":"EIDGENOSSISCHES VOLKSWIRTSCHAFTSDEPARTEMENT","attributes":{"Betweenness Centrality":"0.0","peso":"5","Modularity Class":"6","Out-Degree":"0","Degree":"1","In-Degree":"1","outdegree":"0","indegree":"1","Eccentricity":"0.0","Closeness Centrality":"0.0"},"color":"rgb(153,153,153)","size":2.629213571548462},{"x":96.17046356201172,"y":185.50946044921875,"id":"AVL LIST GMBH","attributes":{"Betweenness Centrality":"0.0","peso":"11","Modularity Class":"2","Out-Degree":"0","Degree":"1","In-Degree":"1","outdegree":"0","indegree":"1","Eccentricity":"0.0","Closeness Centrality":"0.0"},"color":"rgb(153,153,153)","size":4.5842695236206055},{"x":161.86474609375,"y":132.14508056640625,"id":"CENTRO RICERCHE FIAT SCPA","attributes":{"Betweenness Centrality":"41.83333333333333","peso":"5","Modularity Class":"2","Out-Degree":"20","Degree":"20","In-Degree":"2","outdegree":"19","indegree":"1","Eccentricity":"2.0","Closeness Centrality":"1.5957446808510638"},"color":"rgb(153,153,153)","size":15.988763809204102},{"x":-69.07144165039062,"y":197.2096710205078,"id":"UNIVERSITY COLLEGE LONDON","attributes":{"Betweenness Centrality":"0.0","peso":"8","Modularity Class":"6","Out-Degree":"0","Degree":"1","In-Degree":"1","outdegree":"0","indegree":"1","Eccentricity":"0.0","Closeness Centrality":"0.0"},"color":"rgb(153,153,153)","size":3.6067416667938232},{"x":201.29112243652344,"y":56.07494354248047,"id":"CRANFIELD UNIVERSITY","attributes":{"Betweenness Centrality":"0.0","peso":"6","Modularity Class":"1","Out-Degree":"0","Degree":"1","In-Degree":"1","outdegree":"0","indegree":"1","Eccentricity":"0.0","Closeness Centrality":"0.0"},"color":"rgb(153,153,153)","size":2.9550561904907227},{"x":-184.994873046875,"y":-97.1566390991211,"id":"ROBERT BOSCH GMBH","attributes":{"Betweenness Centrality":"0.0","peso":"7","Modularity Class":"2","Out-Degree":"0","Degree":"1","In-Degree":"1","outdegree":"0","indegree":"1","Eccentricity":"0.0","Closeness Centrality":"0.0"},"color":"rgb(153,153,153)","size":3.2808990478515625},{"x":-149.9422607421875,"y":145.53294372558594,"id":"TOTALFORSVARETS FORSKNINGSINSTITUT","attributes":{"Betweenness Centrality":"0.0","peso":"6","Modularity Class":"1","Out-Degree":"0","Degree":"1","In-Degree":"1","outdegree":"0","indegree":"1","Eccentricity":"0.0","Closeness Centrality":"0.0"},"color":"rgb(153,153,153)","size":2.9550561904907227},{"x":-108.19767761230469,"y":178.7617950439453,"id":"UNIVERSITA DEGLI STUDI DI FIRENZE","attributes":{"Betweenness Centrality":"0.0","peso":"10","Modularity Class":"0","Out-Degree":"0","Degree":"1","In-Degree":"1","outdegree":"0","indegree":"1","Eccentricity":"0.0","Closeness Centrality":"0.0"},"color":"rgb(153,153,153)","size":4.258427143096924},{"x":-117.455810546875,"y":172.8197021484375,"id":"UNIVERSIDAD POLITECNICA DE MADRID","attributes":{"Betweenness Centrality":"0.0","peso":"12","Modularity Class":"0","Out-Degree":"0","Degree":"2","In-Degree":"2","outdegree":"0","indegree":"2","Eccentricity":"0.0","Closeness Centrality":"0.0"},"color":"rgb(153,153,153)","size":4.910112380981445},{"x":-208.44247436523438,"y":-14.637444496154785,"id":"STICHTING DIENST LANDBOUWKUNDIG ONDERZOEK","attributes":{"Betweenness Centrality":"0.0","peso":"23","Modularity Class":"6","Out-Degree":"0","Degree":"2","In-Degree":"2","outdegree":"0","indegree":"2","Eccentricity":"0.0","Closeness Centrality":"0.0"},"color":"rgb(153,153,153)","size":8.49438190460205},{"x":145.12120056152344,"y":150.34080505371094,"id":"CENTRE SCIENTIFIQUE ET TECHNIQUE DU BATIMENT","attributes":{"Betweenness Centrality":"0.0","peso":"5","Modularity Class":"4","Out-Degree":"0","Degree":"1","In-Degree":"1","outdegree":"0","indegree":"1","Eccentricity":"0.0","Closeness Centrality":"0.0"},"color":"rgb(153,153,153)","size":2.629213571548462},{"x":-83.00726318359375,"y":191.76107788085938,"id":"UNIVERSITEIT GENT","attributes":{"Betweenness Centrality":"0.0","peso":"8","Modularity Class":"6","Out-Degree":"0","Degree":"1","In-Degree":"1","outdegree":"0","indegree":"1","Eccentricity":"0.0","Closeness Centrality":"0.0"},"color":"rgb(153,153,153)","size":3.6067416667938232},{"x":31.737363815307617,"y":206.531494140625,"id":"AGENCIA ESTATAL CONSEJO SUPERIOR DE INVESTIGACIONES CIENTIFICAS","attributes":{"Betweenness Centrality":"0.0","peso":"12","Modularity Class":"6","Out-Degree":"0","Degree":"2","In-Degree":"2","outdegree":"0","indegree":"2","Eccentricity":"0.0","Closeness Centrality":"0.0"},"color":"rgb(153,153,153)","size":4.910112380981445},{"x":208.3302001953125,"y":16.156890869140625,"id":"DEUTSCHES FORSCHUNGSZENTRUM FUER KUENSTLICHE INTELLIGENZ GMBH","attributes":{"Betweenness Centrality":"0.0","peso":"7","Modularity Class":"3","Out-Degree":"0","Degree":"1","In-Degree":"1","outdegree":"0","indegree":"1","Eccentricity":"0.0","Closeness Centrality":"0.0"},"color":"rgb(153,153,153)","size":3.2808990478515625},{"x":25.366497039794922,"y":-207.4103546142578,"id":"INSTITUTE OF FOOD RESEARCH","attributes":{"Betweenness Centrality":"0.0","peso":"6","Modularity Class":"6","Out-Degree":"0","Degree":"1","In-Degree":"1","outdegree":"0","indegree":"1","Eccentricity":"0.0","Closeness Centrality":"0.0"},"color":"rgb(153,153,153)","size":2.9550561904907227},{"x":-155.4449005126953,"y":-139.6402587890625,"id":"PIAGGIO AERO INDUSTRIES SPA","attributes":{"Betweenness Centrality":"0.0","peso":"9","Modularity Class":"1","Out-Degree":"0","Degree":"1","In-Degree":"1","outdegree":"0","indegree":"1","Eccentricity":"0.0","Closeness Centrality":"0.0"},"color":"rgb(153,153,153)","size":3.932584285736084},{"x":-201.4280242919922,"y":-55.581214904785156,"id":"SAP AG","attributes":{"Betweenness Centrality":"0.0","peso":"13","Modularity Class":"3","Out-Degree":"0","Degree":"2","In-Degree":"2","outdegree":"0","indegree":"2","Eccentricity":"0.0","Closeness Centrality":"0.0"},"color":"rgb(153,153,153)","size":5.235954761505127},{"x":18.313556671142578,"y":-208.15170288085938,"id":"INSTITUTO DE SALUD CARLOS III","attributes":{"Betweenness Centrality":"0.0","peso":"6","Modularity Class":"7","Out-Degree":"0","Degree":"1","In-Degree":"1","outdegree":"0","indegree":"1","Eccentricity":"0.0","Closeness Centrality":"0.0"},"color":"rgb(153,153,153)","size":2.9550561904907227},{"x":-198.59164428710938,"y":-64.99134826660156,"id":"SAAB AKTIEBOLAG","attributes":{"Betweenness Centrality":"0.0","peso":"6","Modularity Class":"1","Out-Degree":"0","Degree":"1","In-Degree":"1","outdegree":"0","indegree":"1","Eccentricity":"0.0","Closeness Centrality":"0.0"},"color":"rgb(153,153,153)","size":2.9550561904907227},{"x":-197.64468383789062,"y":67.81661987304688,"id":"TECHNISCHE UNIVERSITAT BERLIN","attributes":{"Betweenness Centrality":"0.0","peso":"10","Modularity Class":"3","Out-Degree":"0","Degree":"2","In-Degree":"2","outdegree":"0","indegree":"2","Eccentricity":"0.0","Closeness Centrality":"0.0"},"color":"rgb(153,153,153)","size":4.258427143096924},{"x":-123.8507308959961,"y":-168.29591369628906,"id":"NEDERLANDSE ORGANISATIE VOOR TOEGEPAST NATUURWETENSCHAPPELIJK ONDERZOEK - TNO","attributes":{"Betweenness Centrality":"0.0","peso":"16","Modularity Class":"4","Out-Degree":"0","Degree":"2","In-Degree":"2","outdegree":"0","indegree":"2","Eccentricity":"0.0","Closeness Centrality":"0.0"},"color":"rgb(153,153,153)","size":6.2134833335876465},{"x":202.98561096191406,"y":49.591896057128906,"id":"CSEM CENTRE SUISSE D\u0027ELECTRONIQUE ET DE MICROTECHNIQUE SA - RECHERCHE ET DEVELOPPEMENT","attributes":{"Betweenness Centrality":"0.0","peso":"5","Modularity Class":"3","Out-Degree":"0","Degree":"1","In-Degree":"1","outdegree":"0","indegree":"1","Eccentricity":"0.0","Closeness Centrality":"0.0"},"color":"rgb(153,153,153)","size":2.629213571548462},{"x":-193.3600311279297,"y":79.21122741699219,"id":"TECHNISCHE UNIVERSITEIT DELFT","attributes":{"Betweenness Centrality":"0.0","peso":"15","Modularity Class":"3","Out-Degree":"0","Degree":"3","In-Degree":"3","outdegree":"0","indegree":"3","Eccentricity":"0.0","Closeness Centrality":"0.0"},"color":"rgb(153,153,153)","size":5.887640476226807},{"x":205.10333251953125,"y":39.93924331665039,"id":"DAIMLER AG","attributes":{"Betweenness Centrality":"0.0","peso":"8","Modularity Class":"2","Out-Degree":"0","Degree":"1","In-Degree":"1","outdegree":"0","indegree":"1","Eccentricity":"0.0","Closeness Centrality":"0.0"},"color":"rgb(153,153,153)","size":3.6067416667938232},{"x":208.92759704589844,"y":-3.431305170059204,"id":"DEUTSCHES ZENTRUM FUER LUFT - UND RAUMFAHRT EV","attributes":{"Betweenness Centrality":"0.0","peso":"37","Modularity Class":"1","Out-Degree":"0","Degree":"2","In-Degree":"2","outdegree":"0","indegree":"2","Eccentricity":"0.0","Closeness Centrality":"0.0"},"color":"rgb(153,153,153)","size":13.05617904663086},{"x":-169.26170349121094,"y":-122.52751159667969,"id":"POLITECNICO DI TORINO","attributes":{"Betweenness Centrality":"0.0","peso":"9","Modularity Class":"5","Out-Degree":"0","Degree":"1","In-Degree":"1","outdegree":"0","indegree":"1","Eccentricity":"0.0","Closeness Centrality":"0.0"},"color":"rgb(153,153,153)","size":3.932584285736084},{"x":-162.57861328125,"y":-131.26580810546875,"id":"POLIMI","attributes":{"Betweenness Centrality":"82.83333333333333","peso":"13","Modularity Class":"3","Out-Degree":"13","Degree":"15","In-Degree":"2","outdegree":"13","indegree":"2","Eccentricity":"4.0","Closeness Centrality":"2.2535211267605635"},"color":"rgb(153,153,153)","size":5.235954761505127},{"x":-89.81993865966797,"y":188.6660919189453,"id":"UNIVERSITE PIERRE ET MARIE CURIE - PARIS 6","attributes":{"Betweenness Centrality":"0.0","peso":"5","Modularity Class":"3","Out-Degree":"0","Degree":"1","In-Degree":"1","outdegree":"0","indegree":"1","Eccentricity":"0.0","Closeness Centrality":"0.0"},"color":"rgb(153,153,153)","size":2.629213571548462},{"x":-4.449097633361816,"y":-208.9084014892578,"id":"ISS","attributes":{"Betweenness Centrality":"0.0","peso":"0","Modularity Class":"7","Out-Degree":"8","Degree":"8","In-Degree":"0","outdegree":"8","indegree":"0","Eccentricity":"1.0","Closeness Centrality":"1.0"},"color":"rgb(153,153,153)","size":1.0},{"x":-3.1549363136291504,"y":208.9319610595703,"id":"WYTWORNIA SPRZETU KOMUNIKACYJNEGO PZL - RZESZOW SA","attributes":{"Betweenness Centrality":"0.0","peso":"5","Modularity Class":"0","Out-Degree":"0","Degree":"1","In-Degree":"1","outdegree":"0","indegree":"1","Eccentricity":"0.0","Closeness Centrality":"0.0"},"color":"rgb(153,153,153)","size":2.629213571548462},{"x":83.87256622314453,"y":-191.3842010498047,"id":"INRA TRANSFERT S.A.","attributes":{"Betweenness Centrality":"0.0","peso":"5","Modularity Class":"6","Out-Degree":"0","Degree":"1","In-Degree":"1","outdegree":"0","indegree":"1","Eccentricity":"0.0","Closeness Centrality":"0.0"},"color":"rgb(153,153,153)","size":2.629213571548462},{"x":-123.252685546875,"y":168.73439025878906,"id":"UNITO","attributes":{"Betweenness Centrality":"0.0","peso":"0","Modularity Class":"7","Out-Degree":"3","Degree":"3","In-Degree":"0","outdegree":"3","indegree":"0","Eccentricity":"1.0","Closeness Centrality":"1.0"},"color":"rgb(153,153,153)","size":1.0},{"x":167.60202026367188,"y":-124.78814697265625,"id":"FRAUNHOFER-GESELLSCHAFT ZUR FOERDERUNG DER ANGEWANDTEN FORSCHUNG E.V","attributes":{"Betweenness Centrality":"0.0","peso":"89","Modularity Class":"3","Out-Degree":"0","Degree":"5","In-Degree":"5","outdegree":"0","indegree":"5","Eccentricity":"0.0","Closeness Centrality":"0.0"},"color":"rgb(153,153,153)","size":30.0},{"x":-207.16835021972656,"y":27.272525787353516,"id":"STMICROELECTRONICS SRL","attributes":{"Betweenness Centrality":"67.0","peso":"8","Modularity Class":"5","Out-Degree":"10","Degree":"11","In-Degree":"1","outdegree":"10","indegree":"1","Eccentricity":"3.0","Closeness Centrality":"2.1690140845070425"},"color":"rgb(153,153,153)","size":3.6067416667938232},{"x":5.770057678222656,"y":-208.8760986328125,"id":"INTERUNIVERSITAIR MICRO-ELECTRONICA CENTRUM VZW","attributes":{"Betweenness Centrality":"0.0","peso":"20","Modularity Class":"5","Out-Degree":"0","Degree":"2","In-Degree":"2","outdegree":"0","indegree":"2","Eccentricity":"0.0","Closeness Centrality":"0.0"},"color":"rgb(153,153,153)","size":7.516854286193848},{"x":178.58352661132812,"y":108.49166870117188,"id":"CHALMERS TEKNISKA HOEGSKOLA AB","attributes":{"Betweenness Centrality":"0.0","peso":"22","Modularity Class":"0","Out-Degree":"0","Degree":"3","In-Degree":"3","outdegree":"0","indegree":"3","Eccentricity":"0.0","Closeness Centrality":"0.0"},"color":"rgb(153,153,153)","size":8.168539047241211},{"x":-158.7078399658203,"y":135.9203338623047,"id":"THE UNIVERSITY OF LIVERPOOL","attributes":{"Betweenness Centrality":"0.0","peso":"5","Modularity Class":"7","Out-Degree":"0","Degree":"1","In-Degree":"1","outdegree":"0","indegree":"1","Eccentricity":"0.0","Closeness Centrality":"0.0"},"color":"rgb(153,153,153)","size":2.629213571548462},{"x":187.6190643310547,"y":91.98697662353516,"id":"CNR","attributes":{"Betweenness Centrality":"152.5","peso":"20","Modularity Class":"3","Out-Degree":"34","Degree":"37","In-Degree":"3","outdegree":"34","indegree":"3","Eccentricity":"1.0","Closeness Centrality":"1.0"},"color":"rgb(153,153,153)","size":7.516854286193848},{"x":204.6201629638672,"y":-42.345123291015625,"id":"ECOLE POLYTECHNIQUE FEDERALE DE LAUSANNE","attributes":{"Betweenness Centrality":"0.0","peso":"19","Modularity Class":"3","Out-Degree":"0","Degree":"2","In-Degree":"2","outdegree":"0","indegree":"2","Eccentricity":"0.0","Closeness Centrality":"0.0"},"color":"rgb(153,153,153)","size":7.19101095199585},{"x":-204.91819763183594,"y":40.87847137451172,"id":"TEAGASC - AGRICULTURE AND FOOD DEVELOPMENT AUTHORITY","attributes":{"Betweenness Centrality":"0.0","peso":"5","Modularity Class":"6","Out-Degree":"0","Degree":"1","In-Degree":"1","outdegree":"0","indegree":"1","Eccentricity":"0.0","Closeness Centrality":"0.0"},"color":"rgb(153,153,153)","size":2.629213571548462},{"x":58.97195816040039,"y":200.46153259277344,"id":"AIRBUS OPERATIONS SL","attributes":{"Betweenness Centrality":"0.0","peso":"5","Modularity Class":"1","Out-Degree":"0","Degree":"1","In-Degree":"1","outdegree":"0","indegree":"1","Eccentricity":"0.0","Closeness Centrality":"0.0"},"color":"rgb(153,153,153)","size":2.629213571548462},{"x":-201.1530303955078,"y":56.568336486816406,"id":"TECHNISCHE UNIVERSITAET WIEN","attributes":{"Betweenness Centrality":"0.0","peso":"14","Modularity Class":"3","Out-Degree":"0","Degree":"2","In-Degree":"2","outdegree":"0","indegree":"2","Eccentricity":"0.0","Closeness Centrality":"0.0"},"color":"rgb(153,153,153)","size":5.561798095703125},{"x":131.31300354003906,"y":162.54049682617188,"id":"CENTRE NATIONAL DE LA RECHERCHE SCIENTIFIQUE","attributes":{"Betweenness Centrality":"0.0","peso":"36","Modularity Class":"3","Out-Degree":"0","Degree":"3","In-Degree":"3","outdegree":"0","indegree":"3","Eccentricity":"0.0","Closeness Centrality":"0.0"},"color":"rgb(153,153,153)","size":12.730337142944336},{"x":70.74864959716797,"y":-196.6142120361328,"id":"INSTITUT NATIONAL DE LA RECHERCHE AGRONOMIQUE","attributes":{"Betweenness Centrality":"0.0","peso":"25","Modularity Class":"6","Out-Degree":"0","Degree":"2","In-Degree":"2","outdegree":"0","indegree":"2","Eccentricity":"0.0","Closeness Centrality":"0.0"},"color":"rgb(153,153,153)","size":9.14606761932373},{"x":51.75673294067383,"y":202.4444580078125,"id":"AIRBUS OPERATIONS SAS","attributes":{"Betweenness Centrality":"0.0","peso":"8","Modularity Class":"1","Out-Degree":"0","Degree":"1","In-Degree":"1","outdegree":"0","indegree":"1","Eccentricity":"0.0","Closeness Centrality":"0.0"},"color":"rgb(153,153,153)","size":3.6067416667938232},{"x":148.2228546142578,"y":147.28375244140625,"id":"CENTRO ITALIANO RICERCHE AEROSPAZIALI SCPA","attributes":{"Betweenness Centrality":"0.0","peso":"0","Modularity Class":"1","Out-Degree":"19","Degree":"19","In-Degree":"0","outdegree":"19","indegree":"0","Eccentricity":"1.0","Closeness Centrality":"1.0"},"color":"rgb(153,153,153)","size":1.0},{"x":-9.583149909973145,"y":-208.7359161376953,"id":"IVECO S.P.A.","attributes":{"Betweenness Centrality":"0.0","peso":"7","Modularity Class":"2","Out-Degree":"0","Degree":"1","In-Degree":"1","outdegree":"0","indegree":"1","Eccentricity":"0.0","Closeness Centrality":"0.0"},"color":"rgb(153,153,153)","size":3.2808990478515625},{"x":-208.8770294189453,"y":5.736353874206543,"id":"STICHTING NATIONAAL LUCHT- EN RUIMTEVAARTLABORATORIUM","attributes":{"Betweenness Centrality":"0.0","peso":"23","Modularity Class":"1","Out-Degree":"0","Degree":"2","In-Degree":"2","outdegree":"0","indegree":"2","Eccentricity":"0.0","Closeness Centrality":"0.0"},"color":"rgb(153,153,153)","size":8.49438190460205},{"x":32.77644729614258,"y":-206.369140625,"id":"INSTITUT PASTEUR","attributes":{"Betweenness Centrality":"0.0","peso":"7","Modularity Class":"7","Out-Degree":"0","Degree":"1","In-Degree":"1","outdegree":"0","indegree":"1","Eccentricity":"0.0","Closeness Centrality":"0.0"},"color":"rgb(153,153,153)","size":3.2808990478515625},{"x":-88.06303405761719,"y":-189.49253845214844,"id":"MOSTOSTAL WARSZAWA SA","attributes":{"Betweenness Centrality":"0.0","peso":"6","Modularity Class":"4","Out-Degree":"0","Degree":"1","In-Degree":"1","outdegree":"0","indegree":"1","Eccentricity":"0.0","Closeness Centrality":"0.0"},"color":"rgb(153,153,153)","size":2.9550561904907227},{"x":-179.62522888183594,"y":-106.75811767578125,"id":"RHEINISCH-WESTFAELISCHE TECHNISCHE HOCHSCHULE AACHEN","attributes":{"Betweenness Centrality":"0.0","peso":"15","Modularity Class":"2","Out-Degree":"0","Degree":"2","In-Degree":"2","outdegree":"0","indegree":"2","Eccentricity":"0.0","Closeness Centrality":"0.0"},"color":"rgb(153,153,153)","size":5.887640476226807},{"x":-195.4545440673828,"y":-73.89208221435547,"id":"ROLLS-ROYCE DEUTSCHLAND LTD \u0026 CO KG","attributes":{"Betweenness Centrality":"0.0","peso":"12","Modularity Class":"0","Out-Degree":"0","Degree":"1","In-Degree":"1","outdegree":"0","indegree":"1","Eccentricity":"0.0","Closeness Centrality":"0.0"},"color":"rgb(153,153,153)","size":4.910112380981445},{"x":76.81593322753906,"y":194.32403564453125,"id":"ARTTIC","attributes":{"Betweenness Centrality":"0.0","peso":"15","Modularity Class":"0","Out-Degree":"0","Degree":"2","In-Degree":"2","outdegree":"0","indegree":"2","Eccentricity":"0.0","Closeness Centrality":"0.0"},"color":"rgb(153,153,153)","size":5.887640476226807},{"x":10.633606910705566,"y":208.68502807617188,"id":"ACADEMISCH ZIEKENHUIS LEIDEN - LEIDS UNIVERSITAIR MEDISCH CENTRUM","attributes":{"Betweenness Centrality":"0.0","peso":"6","Modularity Class":"7","Out-Degree":"0","Degree":"1","In-Degree":"1","outdegree":"0","indegree":"1","Eccentricity":"0.0","Closeness Centrality":"0.0"},"color":"rgb(153,153,153)","size":2.9550561904907227},{"x":206.40182495117188,"y":32.57002258300781,"id":"DANMARKS TEKNISKE UNIVERSITET","attributes":{"Betweenness Centrality":"0.0","peso":"5","Modularity Class":"3","Out-Degree":"0","Degree":"1","In-Degree":"1","outdegree":"0","indegree":"1","Eccentricity":"0.0","Closeness Centrality":"0.0"},"color":"rgb(153,153,153)","size":2.629213571548462},{"x":195.68719482421875,"y":-73.27371978759766,"id":"EUROPEAN FOOD INFORMATION COUNCIL AISBL","attributes":{"Betweenness Centrality":"0.0","peso":"5","Modularity Class":"6","Out-Degree":"0","Degree":"1","In-Degree":"1","outdegree":"0","indegree":"1","Eccentricity":"0.0","Closeness Centrality":"0.0"},"color":"rgb(153,153,153)","size":2.629213571548462},{"x":-101.04403686523438,"y":182.90057373046875,"id":"UNIVERSITAET FUER BODENKULTUR WIEN","attributes":{"Betweenness Centrality":"0.0","peso":"5","Modularity Class":"6","Out-Degree":"0","Degree":"1","In-Degree":"1","outdegree":"0","indegree":"1","Eccentricity":"0.0","Closeness Centrality":"0.0"},"color":"rgb(153,153,153)","size":2.629213571548462},{"x":98.04483032226562,"y":-184.5256805419922,"id":"INDUSTRIA DE TURBO PROPULSORES SA","attributes":{"Betweenness Centrality":"0.0","peso":"9","Modularity Class":"0","Out-Degree":"0","Degree":"1","In-Degree":"1","outdegree":"0","indegree":"1","Eccentricity":"0.0","Closeness Centrality":"0.0"},"color":"rgb(153,153,153)","size":3.932584285736084},{"x":199.38963317871094,"y":62.500328063964844,"id":"CONTINENTAL AUTOMOTIVE GMBH","attributes":{"Betweenness Centrality":"0.0","peso":"5","Modularity Class":"2","Out-Degree":"0","Degree":"1","In-Degree":"1","outdegree":"0","indegree":"1","Eccentricity":"0.0","Closeness Centrality":"0.0"},"color":"rgb(153,153,153)","size":2.629213571548462},{"x":-154.5315399169922,"y":140.6503448486328,"id":"THE UNIVERSITY OF MANCHESTER","attributes":{"Betweenness Centrality":"0.0","peso":"5","Modularity Class":"3","Out-Degree":"0","Degree":"1","In-Degree":"1","outdegree":"0","indegree":"1","Eccentricity":"0.0","Closeness Centrality":"0.0"},"color":"rgb(153,153,153)","size":2.629213571548462},{"x":131.96221923828125,"y":-162.01385498046875,"id":"FUNDACION TECNALIA RESEARCH \u0026 INNOVATION","attributes":{"Betweenness Centrality":"0.0","peso":"37","Modularity Class":"3","Out-Degree":"0","Degree":"4","In-Degree":"4","outdegree":"0","indegree":"4","Eccentricity":"0.0","Closeness Centrality":"0.0"},"color":"rgb(153,153,153)","size":13.05617904663086},{"x":86.224853515625,"y":190.33599853515625,"id":"ATOS ORIGIN SOCIEDAD ANONIMA ESPANOLA","attributes":{"Betweenness Centrality":"0.0","peso":"5","Modularity Class":"3","Out-Degree":"0","Degree":"1","In-Degree":"1","outdegree":"0","indegree":"1","Eccentricity":"0.0","Closeness Centrality":"0.0"},"color":"rgb(153,153,153)","size":2.629213571548462},{"x":-142.93310546875,"y":152.42259216308594,"id":"TURBOMECA SA","attributes":{"Betweenness Centrality":"0.0","peso":"13","Modularity Class":"0","Out-Degree":"0","Degree":"1","In-Degree":"1","outdegree":"0","indegree":"1","Eccentricity":"0.0","Closeness Centrality":"0.0"},"color":"rgb(153,153,153)","size":5.235954761505127},{"x":-11.024093627929688,"y":208.66476440429688,"id":"WAGENINGEN UNIVERSITEIT","attributes":{"Betweenness Centrality":"0.0","peso":"9","Modularity Class":"6","Out-Degree":"0","Degree":"1","In-Degree":"1","outdegree":"0","indegree":"1","Eccentricity":"0.0","Closeness Centrality":"0.0"},"color":"rgb(153,153,153)","size":3.932584285736084},{"x":-70.24092864990234,"y":-196.79615783691406,"id":"LUNDS UNIVERSITET","attributes":{"Betweenness Centrality":"0.0","peso":"11","Modularity Class":"6","Out-Degree":"0","Degree":"2","In-Degree":"2","outdegree":"0","indegree":"2","Eccentricity":"0.0","Closeness Centrality":"0.0"},"color":"rgb(153,153,153)","size":4.5842695236206055},{"x":-189.2560272216797,"y":88.57015228271484,"id":"TECHNISCHE UNIVERSITEIT EINDHOVEN","attributes":{"Betweenness Centrality":"0.0","peso":"5","Modularity Class":"3","Out-Degree":"0","Degree":"1","In-Degree":"1","outdegree":"0","indegree":"1","Eccentricity":"0.0","Closeness Centrality":"0.0"},"color":"rgb(153,153,153)","size":2.629213571548462},{"x":-106.14899444580078,"y":-179.98585510253906,"id":"NATIONAL AND KAPODISTRIAN UNIVERSITY OF ATHENS","attributes":{"Betweenness Centrality":"0.0","peso":"6","Modularity Class":"3","Out-Degree":"0","Degree":"1","In-Degree":"1","outdegree":"0","indegree":"1","Eccentricity":"0.0","Closeness Centrality":"0.0"},"color":"rgb(153,153,153)","size":2.9550561904907227},{"x":-173.97457885742188,"y":-115.73833465576172,"id":"RENAULT S.A.S. REPRESENTED BY GIE REGIENOV","attributes":{"Betweenness Centrality":"0.0","peso":"6","Modularity Class":"2","Out-Degree":"0","Degree":"1","In-Degree":"1","outdegree":"0","indegree":"1","Eccentricity":"0.0","Closeness Centrality":"0.0"},"color":"rgb(153,153,153)","size":2.9550561904907227},{"x":109.19950103759766,"y":178.15158081054688,"id":"CENTRE DE RECHERCHE EN AERONAUTIQUE ASBL - CENAERO","attributes":{"Betweenness Centrality":"0.0","peso":"5","Modularity Class":"1","Out-Degree":"0","Degree":"1","In-Degree":"1","outdegree":"0","indegree":"1","Eccentricity":"0.0","Closeness Centrality":"0.0"},"color":"rgb(153,153,153)","size":2.629213571548462},{"x":193.3855743408203,"y":-79.14884185791016,"id":"FEDERAL STATE UNITARY ENTERPRISE THE CENTRAL AEROHYDRODYNAMIC INSTITUTE NAMED AFTER PROF. N.E. ZHUKOVSKY","attributes":{"Betweenness Centrality":"0.0","peso":"5","Modularity Class":"1","Out-Degree":"0","Degree":"1","In-Degree":"1","outdegree":"0","indegree":"1","Eccentricity":"0.0","Closeness Centrality":"0.0"},"color":"rgb(153,153,153)","size":2.629213571548462},{"x":103.7706527709961,"y":181.36749267578125,"id":"CAMPDEN BRI MAGYARORSZAG NONPROFIT KORLATOLT FELELOSSEGU TARSASAG","attributes":{"Betweenness Centrality":"0.0","peso":"5","Modularity Class":"6","Out-Degree":"0","Degree":"1","In-Degree":"1","outdegree":"0","indegree":"1","Eccentricity":"0.0","Closeness Centrality":"0.0"},"color":"rgb(153,153,153)","size":2.629213571548462},{"x":-113.51187133789062,"y":-175.4353790283203,"id":"NATIONAL TECHNICAL UNIVERSITY OF ATHENS","attributes":{"Betweenness Centrality":"0.0","peso":"10","Modularity Class":"4","Out-Degree":"0","Degree":"1","In-Degree":"1","outdegree":"0","indegree":"1","Eccentricity":"0.0","Closeness Centrality":"0.0"},"color":"rgb(153,153,153)","size":4.258427143096924},{"x":90.17282104492188,"y":188.49769592285156,"id":"AVIO","attributes":{"Betweenness Centrality":"0.0","peso":"0","Modularity Class":"0","Out-Degree":"20","Degree":"20","In-Degree":"0","outdegree":"20","indegree":"0","Eccentricity":"1.0","Closeness Centrality":"1.0"},"color":"rgb(153,153,153)","size":1.0},{"x":188.08554077148438,"y":-91.02938079833984,"id":"FRANCE TELECOM SA","attributes":{"Betweenness Centrality":"0.0","peso":"6","Modularity Class":"3","Out-Degree":"0","Degree":"1","In-Degree":"1","outdegree":"0","indegree":"1","Eccentricity":"0.0","Closeness Centrality":"0.0"},"color":"rgb(153,153,153)","size":2.9550561904907227},{"x":42.562957763671875,"y":204.574951171875,"id":"AIRBUS OPERATIONS GMBH","attributes":{"Betweenness Centrality":"0.0","peso":"10","Modularity Class":"1","Out-Degree":"0","Degree":"1","In-Degree":"1","outdegree":"0","indegree":"1","Eccentricity":"0.0","Closeness Centrality":"0.0"},"color":"rgb(153,153,153)","size":4.258427143096924},{"x":66.11156463623047,"y":198.22154235839844,"id":"ALENIA AERMACCHI SPA","attributes":{"Betweenness Centrality":"0.0","peso":"8","Modularity Class":"1","Out-Degree":"0","Degree":"1","In-Degree":"1","outdegree":"0","indegree":"1","Eccentricity":"0.0","Closeness Centrality":"0.0"},"color":"rgb(153,153,153)","size":3.6067416667938232},{"x":110.95295715332031,"y":-177.06483459472656,"id":"IMPERIAL COLLEGE OF SCIENCE, TECHNOLOGY AND MEDICINE","attributes":{"Betweenness Centrality":"0.0","peso":"23","Modularity Class":"3","Out-Degree":"0","Degree":"4","In-Degree":"4","outdegree":"0","indegree":"4","Eccentricity":"0.0","Closeness Centrality":"0.0"},"color":"rgb(153,153,153)","size":8.49438190460205},{"x":-97.22228240966797,"y":-184.96038818359375,"id":"MTU AERO ENGINES GMBH","attributes":{"Betweenness Centrality":"0.0","peso":"14","Modularity Class":"0","Out-Degree":"0","Degree":"1","In-Degree":"1","outdegree":"0","indegree":"1","Eccentricity":"0.0","Closeness Centrality":"0.0"},"color":"rgb(153,153,153)","size":5.561798095703125},{"x":-165.64126586914062,"y":127.37931060791016,"id":"THE CHANCELLOR, MASTERS AND SCHOLARS OF THE UNIVERSITY OF OXFORD","attributes":{"Betweenness Centrality":"0.0","peso":"17","Modularity Class":"7","Out-Degree":"0","Degree":"3","In-Degree":"3","outdegree":"0","indegree":"3","Eccentricity":"0.0","Closeness Centrality":"0.0"},"color":"rgb(153,153,153)","size":6.539325714111328},{"x":90.31875610351562,"y":-188.4278106689453,"id":"INESC PORTO - INSTITUTO DE ENGENHARIA DE SISTEMAS E COMPUTADORES DO PORTO","attributes":{"Betweenness Centrality":"0.0","peso":"7","Modularity Class":"3","Out-Degree":"0","Degree":"1","In-Degree":"1","outdegree":"0","indegree":"1","Eccentricity":"0.0","Closeness Centrality":"0.0"},"color":"rgb(153,153,153)","size":3.2808990478515625},{"x":-177.05410766601562,"y":110.9700927734375,"id":"THE CHANCELLOR, MASTERS AND SCHOLARS OF THE UNIVERSITY OF CAMBRIDGE","attributes":{"Betweenness Centrality":"0.0","peso":"28","Modularity Class":"3","Out-Degree":"0","Degree":"3","In-Degree":"3","outdegree":"0","indegree":"3","Eccentricity":"0.0","Closeness Centrality":"0.0"},"color":"rgb(153,153,153)","size":10.12359619140625},{"x":-50.619441986083984,"y":202.7318115234375,"id":"UNIVERSITY OF SOUTHAMPTON","attributes":{"Betweenness Centrality":"0.0","peso":"5","Modularity Class":"0","Out-Degree":"0","Degree":"1","In-Degree":"1","outdegree":"0","indegree":"1","Eccentricity":"0.0","Closeness Centrality":"0.0"},"color":"rgb(153,153,153)","size":2.629213571548462},{"x":-204.15773010253906,"y":-44.521244049072266,"id":"SCUOLA UNIVERSITARIA PROFESSIONALE DELLA SVIZZERA ITALIANA (SUPSI)","attributes":{"Betweenness Centrality":"0.0","peso":"10","Modularity Class":"3","Out-Degree":"0","Degree":"1","In-Degree":"1","outdegree":"0","indegree":"1","Eccentricity":"0.0","Closeness Centrality":"0.0"},"color":"rgb(153,153,153)","size":4.258427143096924},{"x":-206.4644775390625,"y":-32.170413970947266,"id":"SNECMA SA","attributes":{"Betweenness Centrality":"0.0","peso":"16","Modularity Class":"0","Out-Degree":"0","Degree":"1","In-Degree":"1","outdegree":"0","indegree":"1","Eccentricity":"0.0","Closeness Centrality":"0.0"},"color":"rgb(153,153,153)","size":6.2134833335876465},{"x":-33.66831970214844,"y":206.2255096435547,"id":"VOLVO AERO CORPORATION AB","attributes":{"Betweenness Centrality":"0.0","peso":"9","Modularity Class":"0","Out-Degree":"0","Degree":"1","In-Degree":"1","outdegree":"0","indegree":"1","Eccentricity":"0.0","Closeness Centrality":"0.0"},"color":"rgb(153,153,153)","size":3.932584285736084},{"x":115.50810241699219,"y":174.12753295898438,"id":"CENTRE EUROPEEN DE RECHERCHE ET DE FORMATION AVANCEE EN CALCUL SCIENTIFIQUE","attributes":{"Betweenness Centrality":"0.0","peso":"8","Modularity Class":"0","Out-Degree":"0","Degree":"1","In-Degree":"1","outdegree":"0","indegree":"1","Eccentricity":"0.0","Closeness Centrality":"0.0"},"color":"rgb(153,153,153)","size":3.6067416667938232},{"x":-21.722476959228516,"y":-207.8236083984375,"id":"KARLSRUHER INSTITUT FUER TECHNOLOGIE","attributes":{"Betweenness Centrality":"0.0","peso":"18","Modularity Class":"2","Out-Degree":"0","Degree":"3","In-Degree":"3","outdegree":"0","indegree":"3","Eccentricity":"0.0","Closeness Centrality":"0.0"},"color":"rgb(153,153,153)","size":6.865168571472168},{"x":-59.34696960449219,"y":200.350830078125,"id":"UNIVERSITY OF PATRAS","attributes":{"Betweenness Centrality":"0.0","peso":"12","Modularity Class":"2","Out-Degree":"0","Degree":"2","In-Degree":"2","outdegree":"0","indegree":"2","Eccentricity":"0.0","Closeness Centrality":"0.0"},"color":"rgb(153,153,153)","size":4.910112380981445},{"x":207.4823455810547,"y":24.77082633972168,"id":"DASSAULT AVIATION SA","attributes":{"Betweenness Centrality":"0.0","peso":"9","Modularity Class":"1","Out-Degree":"0","Degree":"1","In-Degree":"1","outdegree":"0","indegree":"1","Eccentricity":"0.0","Closeness Centrality":"0.0"},"color":"rgb(153,153,153)","size":3.932584285736084},{"x":-95.47551727294922,"y":185.86807250976562,"id":"UNIVERSITAET STUTTGART","attributes":{"Betweenness Centrality":"0.0","peso":"5","Modularity Class":"4","Out-Degree":"0","Degree":"1","In-Degree":"1","outdegree":"0","indegree":"1","Eccentricity":"0.0","Closeness Centrality":"0.0"},"color":"rgb(153,153,153)","size":2.629213571548462},{"x":-208.0487518310547,"y":19.448211669921875,"id":"STIFTELSEN SINTEF","attributes":{"Betweenness Centrality":"0.0","peso":"6","Modularity Class":"3","Out-Degree":"0","Degree":"1","In-Degree":"1","outdegree":"0","indegree":"1","Eccentricity":"0.0","Closeness Centrality":"0.0"},"color":"rgb(153,153,153)","size":2.9550561904907227}]}